Year,Week,Accumulated sales volume in fpk / Supplier,Accumulated sales volume in fpk / Wholesaler,Accumulated sales volume in fpk / Retailer, Accumulated sales volume in fpk / total, Sales per week in fpk / Supplier,Sales per week in fpk / Wholesaler,Sales per week in fpk / Retailer,Inventory in dpk / Wholesaler,Inventory in dpk / Retailer,rekkevidde / Wholesaler,rekkevidde / Retailer
2015,15,3780,-,-,-,3780,-,-,270,-,-,-
2015,16,15372,56,-,19655,11592,56,-,1094,4,273.5,-
2015,17,33756,5362,29,39310,18384,5306,29,2028,381,5.4,183.9
2015,18,56356,10514,612,58964,22600,5152,583,3274,707,8.9,17.0
2015,19,77200,41028,1610,78619,20844,30514,998,2584,2816,1.2,39.5
2015,20,96568,54868,5985,98274,19368,13840,4375,2979,3492,3.0,11.2
2015,21,105262,70366,9786,117929,8694,15498,3801,2493,4327,2.3,15.9
2015,22,112178,81026,12769,137584,6916,10660,2983,2225,4876,2.9,22.9
2015,23,117904,91106,16271,157238,5726,10080,3502,1914,5345,2.7,21.4
2015,24,130364,100766,20454,176893,12460,9660,4183,2114,5737,3.1,19.2
2015,25,139380,110720,26068,196548,9016,9954,5614,2047,6047,2.9,15.1
2015,26,143538,125910,32832,216203,4158,15190,6764,1259,6648,1.2,13.8
2015,27,151476,132224,38537,235858,7938,6314,5705,1375,6692,3.0,16.4
2015,28,156132,136676,45996,255512,4656,4452,7459,1390,6477,4.4,12.2
2015,29,167427,141974,53775,275167,11295,5298,7779,1818,6300,4.8,11.3
2015,30,183731,147308,61917,294822,16304,5334,8142,2602,6099,6.8,10.5
2015,31,203884,156715,70513,314477,20154,9406,8596,3369,6157,5.0,10.0
2015,32,231210,177780,79188,334132,27326,21065,8675,3816,7042,2.5,11.4
2015,33,250403,212379,93861,353786,19193,34599,14673,2716,8466,1.1,8.1
2015,34,269612,239919,111209,373441,19209,27540,17348,2121,9194,1.1,7.4
2015,35,288985,254631,131540,393096,19373,14712,20331,2454,8792,2.3,6.1
2015,36,315764,268237,146751,412751,26779,13606,15211,3395,8678,3.5,8.0
2015,37,346884,284126,162865,432406,31120,15888,16114,4483,8661,3.9,7.5
2015,38,368383,333147,180911,882441,21499,49022,18046,2517,10874,0.7,8.4
2015,39,384179,356387,199696,940262,15796,23239,18785,1985,11192,1.2,8.3
2015,40,395413,371145,216596,983154,11234,14758,16900,1733,11039,1.6,9.1
2015,41,410448,381017,232084,1026749,15034,9872,15488,2102,10638,3.0,9.6
2015,42,422534,395169,246986,1069689,12086,14152,14902,1955,10585,1.9,9.9
2015,43,449704,406912,261842,1111458,27170,11742,14856,3057,10362,3.6,9.8
2015,44,499978,419756,275552,1194286,50274,12844,13710,5730,10300,6.2,10.5
2015,45,528803,438798,289278,1251879,28824,19042,13726,6429,10680,4.7,10.9
2015,46,540833,504704,303985,1342822,12030,65906,14707,2581,14337,0.5,13.6
2015,47,549331,519968,317703,1388002,8498,15264,13718,2097,14448,1.9,14.7
2015,48,557017,533066,330690,1419773,7686,13097,12987,1711,14455,1.8,15.6
2015,49,562981,540084,343809,1442874,5964,7018,13119,1635,14020,3.3,15.0
2015,50,574595,548302,357640,1464537,11614,8218,13831,1878,13619,3.2,13.8
2015,51,586313,555224,370299,1486836,11718,6922,12659,2221,13209,4.5,14.6
2015,52,594913,564552,402125,1552589,8600,9328,31826,2169,11602,3.3,5.1
2016,01,609681,573408,409870,1592930,4768,8856,7745,2591,11681,4.1,21.1
2016,02,648985,581456,420475,1596916,39303,8048,10605,4823,11499,8.4,15.2
2016,03,687522,599999,433214,1607735,38538,18542,12739,6252,11913,4.7,13.1
2016,04,737556,668862,447659,1614796,50033,68863,14445,4907,15800,1.0,15.3
2016,05,771375,700605,463444,1629943,33819,31743,15785,5055,16940,2.2,15.0
2016,06,815353,726582,479459,1646538,43978,25977,16015,6341,17652,3.4,15.4
2016,07,848553,773604,496999,2117156,33200,47022,17540,5354,19758,1.6,15.8
2016,08,868652,824113,518930,2125695,20098,50508,21931,3181,21799,0.9,13.9
2016,09,877752,843231,543811,2130752,9100,19118,24881,2466,21387,1.8,12.0
2016,10,881532,850649,555045,2139326,3780,7418,11234,2206,21115,4.2,26.3
2016,11,886320,859511,566868,2150747,4788,8862,11823,1915,20903,3.0,24.8
2016,12,888588,862353,582463,2157404,2268,2842,15595,1874,19992,9.2,17.9
2016,13,888714,867379,592894,2165570,126,5026,10431,1524,19606,4.2,26.3
2016,14,890982,870585,605219,2175110,2268,3206,12325,1457,18955,6.4,21.5
2016,15,891360,873917,618777,2183530,378,3332,13558,1246,18224,5.2,18.8
2016,16,896694,877809,632795,2192298,5334,3892,14018,1349,17501,4.9,17.5
2016,17,926178,882645,647288,2204343,29484,4836,14493,3109,16811,9.0,16.2
2016,18,951030,900845,662235,2216110,24852,18200,14947,3585,17044,2.8,16.0
2016,19,968718,941415,694549,2227788,17688,40570,32314,1950,17633,0.7,7.6
2016,20,971814,953861,710370,2235051,3096,12446,15821,1282,17392,1.4,15.4
2016,21,986412,970415,729883,2247710,14598,16554,19513,1143,17181,1.0,12.3
2016,22,999432,983483,742970,2251885,13020,13068,13087,1139,17179,1.2,18.4
2016,23,1007916,993597,760895,2259490,8484,10114,17925,1023,16622,1.4,13.0
2016,24,1015206,1001509,776353,2267836,7290,7912,15458,978,16083,1.7,14.6
2016,25,1025250,1014891,793431,2276660,10044,13382,17078,740,15819,0.8,13.0
2016,26,1031298,1025715,813804,2287959,6048,10824,20373,399,15136,0.5,10.4
2016,27,1038426,1034271,833724,2298921,7128,8556,19920,297,14325,0.5,10.1
2016,28,1048058,1042597,854282,1277562,9632,8326,20558,390,13451,0.7,9.2
2016,29,1060406,1051969,872916,1297217,12348,9372,18634,603,12789,0.9,9.6
2016,30,1070612,1063701,891716,1316871,10206,11732,18800,494,12285,0.6,9.1
2016,31,1085426,1077995,911459,1336526,14814,14294,19743,531,11895,0.5,8.4
2016,32,1099916,1090367,929033,1356181,14490,12372,17574,682,11524,0.8,9.2
2016,33,1118186,1101973,944580,1375836,18270,11606,15547,1158,11242,1.4,10.1
2016,34,1140866,1118475,959729,1395491,22680,16502,15149,1599,11339,1.4,10.5
2016,35,1153340,1131705,983154,1415145,12474,13230,23425,1545,10611,1.6,6.3
2016,36,1168838,1146587,1001023,1434800,15498,14882,17869,1589,10397,1.5,8.1
2016,37,1180920,1159285,1015993,1454455,12082,12698,14970,1545,10235,1.7,9.6
2016,38,1201692,1176785,1032109,1474110,20772,17500,16116,1779,10334,1.4,9.0
2016,39,1215696,1193347,1047464,1493765,14004,16562,15355,1596,10420,1.3,9.5
2016,40,1236612,1207697,1062570,1513419,20916,14350,15106,2065,10366,2.0,9.6
2016,41,1269624,1236957,1078265,1533074,33012,29260,15695,2333,11335,1.1,10.1
2016,42,1293852,1258111,1110288,1552729,24228,21154,32023,2553,10559,1.7,4.6
2016,43,1352984,1291921,1124762,1572384,59132,33810,14474,4362,11940,1.8,11.5
2016,44,1402004,1320481,1147293,1592039,49020,28560,22531,5823,12371,2.9,7.7
2016,45,1429736,1351305,1172148,1611693,27732,30824,24855,5602,12797,2.5,7.2
2016,46,1442598,1412235,1192591,1631348,12862,60930,20443,2169,15689,0.5,10.7
2016,47,1456836,1426199,1209445,1651003,14238,13964,16854,2188,15482,2.2,12.9
2016,48,1458708,1433885,1228870,1670658,1872,7686,19425,1773,14644,3.2,10.6
2016,49,1467150,1439509,1240890,1690313,8442,5624,12020,1974,14187,4.9,16.5
2016,50,1475592,1452697,1255520,1709967,8442,13188,14630,1635,14084,1.7,13.5
2016,51,1482018,1462847,1287651,1729622,6426,10150,32131,1369,12514,1.9,5.5
2016,52,1482900,1467761,1297926,1749277,882,4914,10275,1081,12131,3.1,16.5
2017,01,1486932,1473487,1304836,1768932,4032,5726,6910,960,12047,2.3,24.4
2017,02,1494114,1478429,1314579,1788586,7182,4942,9743,1120,11704,3.2,16.8
2017,03,1502808,1488369,1326271,1808241,8694,9940,11692,1031,11578,1.5,13.9
2017,04,1517242,1497861,1339920,1827896,14434,9492,13649,1384,11282,2.0,11.6
2017,05,1531452,1504609,1353917,1847551,14210,6748,13997,1917,10764,4.0,10.8
2017,06,1545606,1519757,1369724,1867206,14154,15148,15807,1846,10717,1.7,9.5
2017,07,1559032,1532651,1383670,1886860,13426,12894,13946,1884,10642,2.0,10.7
2017,08,1589174,1546973,1396099,1906515,30142,14322,12429,3014,10777,2.9,12.1
2017,09,1610286,1559811,1407367,1926170,21112,12838,11268,3605,10889,3.9,13.5
2017,10,1622732,1593579,1419798,1945825,12446,33768,12431,2082,12413,0.9,14.0
2017,11,1628224,1615419,1432644,1965480,5492,21840,12846,915,13055,0.6,14.2
2017,12,1638990,1624463,1444561,1985134,10766,9044,11917,1038,12850,1.6,15.1
2017,13,1648762,1632233,1454774,2004789,9772,7770,10213,1181,12676,2.1,17.4
2017,14,1652710,1638771,1465484,2024444,3948,6538,10710,996,12378,2.1,16.2
2017,15,1660732,1645099,1481520,2044099,8022,6328,16036,1117,11684,2.5,10.2
2017,16,1670742,1649985,1490971,2063754,10010,4886,9451,1483,11358,4.2,16.8
2017,17,1695872,1661913,1503588,2083408,25130,11928,12617,2426,11309,2.8,12.5
2017,18,1717530,1685055,1513708,2103063,21658,23142,10120,2320,12239,1.4,16.9
2017,19,1729738,1699909,1532677,2122718,12208,14854,18969,2131,11945,2.0,8.8
2017,20,1739594,1721567,1552034,2142373,9856,21658,19357,1288,12110,0.8,8.8
2017,21,1746412,1732109,1570826,2162028,6818,10542,18792,1022,11520,1.4,8.6
2017,22,1756296,1744625,1585070,2181682,9884,12516,14244,834,11397,0.9,11.2
2017,23,1762820,1750113,1596527,2201337,6524,5488,11457,908,10970,2.3,13.4
2017,24,1766880,1756861,1608804,2220992,4060,6748,12277,716,10576,1.5,12.1
2017,25,1774048,1763805,1623517,2240647,7168,6944,14713,732,10021,1.5,9.5
2017,26,1782490,1774963,1635143,2260302,8442,11158,11626,538,9987,0.7,12.0
2017,27,1789126,1782761,1649038,2279956,6636,7798,13895,455,9552,0.8,9.6
2017,28,1798170,1790895,1662054,2299611,9044,8134,13016,520,9203,0.9,9.9
